[
  {
    "id": "001-123456",
    "title": "Smith v. United Kingdom",
    "facts": "The applicant, a British citizen, alleged that his right to a fair trial was violated when he was denied access to legal representation during police questioning. The police claimed that the delay was necessary for the investigation.",
    "outcome": "Violation found",
    "articles": [
      "Article 6"
    ],
    "jurisdiction": "ECHR (European Court of Human Rights)",
    "date": "2020-01-15",
    "case_type": "Human Rights"
  },
  {
    "id": "001-123457",
    "title": "Johnson v. France",
    "facts": "The applicant claimed that her freedom of expression was restricted when she was fined for publishing critical comments about a public official. The government argued that the comments were defamatory.",
    "outcome": "Violation found",
    "articles": [
      "Article 10"
    ],
    "jurisdiction": "ECHR (European Court of Human Rights)",
    "date": "2019-06-22",
    "case_type": "Human Rights"
  },
  {
    "id": "001-123458",
    "title": "Garcia v. Spain",
    "facts": "The applicant alleged that his property was expropriated without adequate compensation, violating his right to peaceful enjoyment of possessions. The government claimed the expropriation was in the public interest and fair compensation was offered.",
    "outcome": "No violation found",
    "articles": [
      "Article 1 of Protocol 1"
    ],
    "jurisdiction": "ECHR (European Court of Human Rights)",
    "date": "2021-03-10",
    "case_type": "Human Rights"
  },
  {
    "id": "001-123459",
    "title": "Mock Case 1",
    "facts": "This is a mock case about Article 3. The applicant alleged mistreatment and violation of rights. The court examined all circumstances of the case.",
    "outcome": "Violation found",
    "articles": [
      "Article 3"
    ],
    "jurisdiction": "ECHR (European Court of Human Rights)",
    "date": "2022-11-25",
    "case_type": "Human Rights"
  },
  {
    "id": "001-123460",
    "title": "Mock Case 2",
    "facts": "This is a mock case about Article 3. The applicant claimed rights were violated but evidence was insufficient. The court examined all circumstances of the case.",
    "outcome": "No violation found",
    "articles": [
      "Article 3"
    ],
    "jurisdiction": "ECHR (European Court of Human Rights)",
    "date": "2022-12-22",
    "case_type": "Human Rights"
  },
  {
    "id": "001-123461",
    "title": "Mock Case 3",
    "facts": "This is a mock case about Article 10. The applicant alleged mistreatment and violation of rights. The court examined all circumstances of the case.",
    "outcome": "Violation found",
    "articles": [
      "Article 10"
    ],
    "jurisdiction": "ECHR (European Court of Human Rights)",
    "date": "2022-01-11",
    "case_type": "Human Rights"
  },
  {
    "id": "001-123462",
    "title": "Mock Case 4",
    "facts": "This is a mock case about Article 3. The applicant claimed rights were violated but evidence was insufficient. The court examined all circumstances of the case.",
    "outcome": "No violation found",
    "articles": [
      "Article 3"
    ],
    "jurisdiction": "ECHR (European Court of Human Rights)",
    "date": "2022-09-14",
    "case_type": "Human Rights"
  },
  {
    "id": "001-123463",
    "title": "Mock Case 5",
    "facts": "This is a mock case about Article 6. The applicant alleged mistreatment and violation of rights. The court examined all circumstances of the case.",
    "outcome": "Violation found",
    "articles": [
      "Article 6"
    ],
    "jurisdiction": "ECHR (European Court of Human Rights)",
    "date": "2022-09-14",
    "case_type": "Human Rights"
  },
  {
    "id": "001-123464",
    "title": "Mock Case 6",
    "facts": "This is a mock case about Article 3. The applicant alleged mistreatment and violation of rights. The court examined all circumstances of the case.",
    "outcome": "Violation found",
    "articles": [
      "Article 3"
    ],
    "jurisdiction": "ECHR (European Court of Human Rights)",
    "date": "2022-01-20",
    "case_type": "Human Rights"
  },
  {
    "id": "001-123465",
    "title": "Mock Case 7",
    "facts": "This is a mock case about Article 10. The applicant claimed rights were violated but evidence was insufficient. The court examined all circumstances of the case.",
    "outcome": "No violation found",
    "articles": [
      "Article 10"
    ],
    "jurisdiction": "ECHR (European Court of Human Rights)",
    "date": "2022-08-25",
    "case_type": "Human Rights"
  },
  {
    "id": "001-123466",
    "title": "Mock Case 8",
    "facts": "This is a mock case about Article 5. The applicant alleged mistreatment and violation of rights. The court examined all circumstances of the case.",
    "outcome": "Violation found",
    "articles": [
      "Article 5"
    ],
    "jurisdiction": "ECHR (European Court of Human Rights)",
    "date": "2022-02-15",
    "case_type": "Human Rights"
  },
  {
    "id": "001-123467",
    "title": "Mock Case 9",
    "facts": "This is a mock case about Article 10. The applicant claimed rights were violated but evidence was insufficient. The court examined all circumstances of the case.",
    "outcome": "No violation found",
    "articles": [
      "Article 10"
    ],
    "jurisdiction": "ECHR (European Court of Human Rights)",
    "date": "2022-01-05",
    "case_type": "Human Rights"
  },
  {
    "id": "001-123468",
    "title": "Mock Case 10",
    "facts": "This is a mock case about Article 10. The applicant claimed rights were violated but evidence was insufficient. The court examined all circumstances of the case.",
    "outcome": "No violation found",
    "articles": [
      "Article 10"
    ],
    "jurisdiction": "ECHR (European Court of Human Rights)",
    "date": "2022-01-07",
    "case_type": "Human Rights"
  },
  {
    "id": "001-123469",
    "title": "Mock Case 11",
    "facts": "This is a mock case about Article 6. The applicant alleged mistreatment and violation of rights. The court examined all circumstances of the case.",
    "outcome": "Violation found",
    "articles": [
      "Article 6"
    ],
    "jurisdiction": "ECHR (European Court of Human Rights)",
    "date": "2022-05-15",
    "case_type": "Human Rights"
  },
  {
    "id": "001-123470",
    "title": "Mock Case 12",
    "facts": "This is a mock case about Article 8. The applicant claimed rights were violated but evidence was insufficient. The court examined all circumstances of the case.",
    "outcome": "No violation found",
    "articles": [
      "Article 8"
    ],
    "jurisdiction": "ECHR (European Court of Human Rights)",
    "date": "2022-02-28",
    "case_type": "Human Rights"
  },
  {
    "id": "001-123471",
    "title": "Mock Case 13",
    "facts": "This is a mock case about Article 14. The applicant claimed rights were violated but evidence was insufficient. The court examined all circumstances of the case.",
    "outcome": "No violation found",
    "articles": [
      "Article 14"
    ],
    "jurisdiction": "ECHR (European Court of Human Rights)",
    "date": "2022-03-08",
    "case_type": "Human Rights"
  },
  {
    "id": "001-123472",
    "title": "Mock Case 14",
    "facts": "This is a mock case about Article 5. The applicant alleged mistreatment and violation of rights. The court examined all circumstances of the case.",
    "outcome": "Violation found",
    "articles": [
      "Article 5"
    ],
    "jurisdiction": "ECHR (European Court of Human Rights)",
    "date": "2022-10-23",
    "case_type": "Human Rights"
  },
  {
    "id": "001-123473",
    "title": "Mock Case 15",
    "facts": "This is a mock case about Article 14. The applicant alleged mistreatment and violation of rights. The court examined all circumstances of the case.",
    "outcome": "Violation found",
    "articles": [
      "Article 14"
    ],
    "jurisdiction": "ECHR (European Court of Human Rights)",
    "date": "2022-03-22",
    "case_type": "Human Rights"
  },
  {
    "id": "001-123474",
    "title": "Mock Case 16",
    "facts": "This is a mock case about Article 6. The applicant claimed rights were violated but evidence was insufficient. The court examined all circumstances of the case.",
    "outcome": "No violation found",
    "articles": [
      "Article 6"
    ],
    "jurisdiction": "ECHR (European Court of Human Rights)",
    "date": "2022-11-15",
    "case_type": "Human Rights"
  },
  {
    "id": "001-123475",
    "title": "Mock Case 17",
    "facts": "This is a mock case about Article 3. The applicant alleged mistreatment and violation of rights. The court examined all circumstances of the case.",
    "outcome": "Violation found",
    "articles": [
      "Article 3"
    ],
    "jurisdiction": "ECHR (European Court of Human Rights)",
    "date": "2022-09-14",
    "case_type": "Human Rights"
  },
  {
    "id": "001-123476",
    "title": "Mock Case 18",
    "facts": "This is a mock case about Article 6. The applicant alleged mistreatment and violation of rights. The court examined all circumstances of the case.",
    "outcome": "Violation found",
    "articles": [
      "Article 6"
    ],
    "jurisdiction": "ECHR (European Court of Human Rights)",
    "date": "2022-08-10",
    "case_type": "Human Rights"
  },
  {
    "id": "001-123477",
    "title": "Mock Case 19",
    "facts": "This is a mock case about Article 3. The applicant alleged mistreatment and violation of rights. The court examined all circumstances of the case.",
    "outcome": "Violation found",
    "articles": [
      "Article 3"
    ],
    "jurisdiction": "ECHR (European Court of Human Rights)",
    "date": "2022-08-10",
    "case_type": "Human Rights"
  },
  {
    "id": "001-123478",
    "title": "Mock Case 20",
    "facts": "This is a mock case about Article 10. The applicant alleged mistreatment and violation of rights. The court examined all circumstances of the case.",
    "outcome": "Violation found",
    "articles": [
      "Article 10"
    ],
    "jurisdiction": "ECHR (European Court of Human Rights)",
    "date": "2022-10-04",
    "case_type": "Human Rights"
  },
  {
    "id": "001-200001",
    "title": "Detention Case 1",
    "facts": "The applicant was detained for 3 years without trial. During this period, he was not allowed to communicate with his family or legal counsel.",
    "outcome": "Violation found",
    "articles": [
      "Article 5"
    ],
    "jurisdiction": "ECHR (European Court of Human Rights)",
    "date": "2022-01-01",
    "case_type": "Human Rights"
  },
  {
    "id": "001-200002",
    "title": "Detention Case 2",
    "facts": "The applicant was detained for 4 years without access to legal representation. The government claimed this was necessary for national security.",
    "outcome": "Violation found",
    "articles": [
      "Article 5",
      "Article 6"
    ],
    "jurisdiction": "ECHR (European Court of Human Rights)",
    "date": "2022-01-02",
    "case_type": "Human Rights"
  },
  {
    "id": "001-200003",
    "title": "Property Case 1",
    "facts": "The applicant's property was expropriated without adequate compensation. The government claimed it was for public interest.",
    "outcome": "Violation found",
    "articles": [
      "Article 1 of Protocol 1"
    ],
    "jurisdiction": "ECHR (European Court of Human Rights)",
    "date": "2022-01-03",
    "case_type": "Human Rights"
  },
  {
    "id": "001-200004",
    "title": "Legal Procedure Case 1",
    "facts": "The defendant followed all required legal procedures and provided evidence of compliance with regulations.",
    "outcome": "No violation found",
    "articles": [
      "Article 6"
    ],
    "jurisdiction": "ECHR (European Court of Human Rights)",
    "date": "2022-01-04",
    "case_type": "Human Rights"
  },
  {
    "id": "001-200005",
    "title": "Legal Procedure Case 2",
    "facts": "The government provided evidence that the applicant had access to legal counsel throughout the proceedings.",
    "outcome": "No violation found",
    "articles": [
      "Article 6"
    ],
    "jurisdiction": "ECHR (European Court of Human Rights)",
    "date": "2022-01-05",
    "case_type": "Human Rights"
  },
  {
    "id": "001-200006",
    "title": "Inhuman Treatment Case 1",
    "facts": "The applicant was subjected to inhuman treatment during detention, including physical abuse and denial of medical care.",
    "outcome": "Violation found",
    "articles": [
      "Article 3"
    ],
    "jurisdiction": "ECHR (European Court of Human Rights)",
    "date": "2022-01-06",
    "case_type": "Human Rights"
  },
  {
    "id": "001-200007",
    "title": "Inhuman Treatment Case 2",
    "facts": "The applicant claimed inhuman treatment but the government provided evidence of proper detention conditions and medical care.",
    "outcome": "No violation found",
    "articles": [
      "Article 3"
    ],
    "jurisdiction": "ECHR (European Court of Human Rights)",
    "date": "2022-01-07",
    "case_type": "Human Rights"
  }
]